{"iter": 23400, "lr": 1.0000002658643146e-05, "_timestamp": 1654816434, "_runtime": 64060, "_step": 1199, "epoch": 299, "train_loss": 2.813342889149984, "_wandb": {"runtime": 64051}}