{"iter": 1900, "lr": 1.0000403259367738e-05, "_timestamp": 1655117104, "_runtime": 6819, "_step": 299, "epoch": 99, "train_loss": 4.69443154335022, "_wandb": {"runtime": 6811}}