{"iter": 11700, "lr": 1.0000010634572581e-05, "_timestamp": 1655207530, "_runtime": 43558, "_step": 899, "epoch": 299, "train_loss": 3.1800127029418945, "_wandb": {"runtime": 43554}}