{"iter": 5700, "lr": 1.0000044806605484e-05, "_timestamp": 1655188356, "_runtime": 24624, "_step": 899, "epoch": 299, "train_loss": 3.677700638771057, "_wandb": {"runtime": 24621}}