{"iter": 3453, "lr": 0.00023796962430055953, "_timestamp": 1654515971, "_runtime": 17830, "_step": 72, "epoch": 0, "train_loss": 6.4527182303942165}