{"iter": 7800, "lr": 1.000002392778811e-05, "_timestamp": 1655111814, "_runtime": 13112, "_step": 399, "epoch": 99, "train_loss": 3.5503809452056885, "_wandb": {"runtime": 13106}}