{"iter": 93600, "lr": 1.0000000166165204e-05, "_timestamp": 1656064133, "_runtime": 249596, "_step": 2699, "epoch": 299, "train_loss": 2.4704690277576447, "_wandb": {"runtime": 249589}}