{"iter": 2097, "lr": 7.990187614403318e-05, "_timestamp": 1655216675, "_runtime": 11473, "_step": 698, "epoch": 232, "train_loss": 4.327640056610107, "_wandb": {"runtime": 11462}}