{"iter": 23400, "lr": 1.0000002658643146e-05, "_timestamp": 1655895772, "_runtime": 83462, "_step": 1199, "epoch": 299, "train_loss": 2.784219185511271, "_wandb": {"runtime": 83457}}