{"iter": 3745, "lr": 0.0003235232032611475, "_timestamp": 1654519963, "_runtime": 10610, "_step": 192, "epoch": 47, "train_loss": 3.89754581451416}