{"iter": 351, "lr": 0.0001276251373763613, "_timestamp": 1659935333.9061124, "_runtime": 389.77163553237915, "_step": 7, "_wandb": {"runtime": 425}}