{"iter": 7800, "lr": 1.000002392778811e-05, "_timestamp": 1654606390, "_runtime": 22749, "_step": 399, "epoch": 99, "train_loss": 3.543146769205729, "_wandb": {"runtime": 22740}}