{"iter": 21189, "lr": 2.2913266243929205e-05, "_timestamp": 1655255691, "_runtime": 71792, "_step": 1085, "epoch": 270, "train_loss": 2.7868038018544516}