{"iter": 2268, "lr": 4.665506536926795e-05, "_timestamp": 1655176786, "_runtime": 12405, "_step": 755, "epoch": 251, "train_loss": 4.304828405380249, "_wandb": {"runtime": 12396}}