{"iter": 27751, "lr": 0.0005686832201246228, "_timestamp": 1656982889, "_runtime": 48269, "_step": 665, "epoch": 43, "train_loss": 3.2730415037700107}