{"iter": 46800, "lr": 1.000000066466078e-05, "_timestamp": 1655954005, "_runtime": 141027, "_step": 1799, "epoch": 299, "train_loss": 2.5719154357910154, "_wandb": {"runtime": 141021}}