{"iter": 2467, "lr": 2.0867042794690858e-05, "_timestamp": 1655126832, "_runtime": 14265, "_step": 822, "epoch": 273, "train_loss": 4.296883583068848}